{
  "project_info": {
    "project_number": "653627666308",
    "firebase_url": "https://malopus-af8ee.firebaseio.com",
    "project_id": "malopus-af8ee",
    "storage_bucket": "malopus-af8ee.appspot.com"
  },
  "client": [
    {
      "client_info": {
        "mobilesdk_app_id": "1:653627666308:android:a0437f4753a6508f2ef7d1",
        "android_client_info": {
          "package_name": "com.example.malopus"
        }
      },
      "oauth_client": [
        {
          "client_id": "653627666308-ej05o1s0o0hl83ei1132o75rl8dm8stk.apps.googleusercontent.com",
          "client_type": 3
        }
      ],
      "api_key": [
        {
          "current_key": "AIzaSyDjmCmx0Ddm-Sg4G9cWCFEo5sgsoK26Bv0"
        }
      ],
      "services": {
        "appinvite_service": {
          "other_platform_oauth_client": [
            {
              "client_id": "653627666308-ej05o1s0o0hl83ei1132o75rl8dm8stk.apps.googleusercontent.com",
              "client_type": 3
            }
          ]
        }
      }
    }
  ],
  "configuration_version": "1"
}